{
  "vtn-service": 2.268660068511963, 
  "vMM": 2.42926287651062, 
  "onos-service": 2.794279098510742, 
  "opencloud": 2.0024311542510986, 
  "platform-install": 4.610550165176392, 
  "xos-rest-gw": 2.427596092224121, 
  "vHSS": 2.5676119327545166, 
  "fabric-oftest": 4.331820011138916, 
  "venb": 2.201188087463379, 
  "openstack": 2.3651678562164307, 
  "vSM": 2.3360531330108643, 
  "sdn-controller": 2.3164010047912598, 
  "olt-service": 2.7585031986236572, 
  "vsg": 3.0980749130249023, 
  "fabric": 2.409281015396118, 
  "epc-service": 2.221379041671753, 
  "rcord": 3.0489039421081543, 
  "addressmanager": 2.5403780937194824, 
  "globalxos": 2.4741199016571045, 
  "progran": 2.4976859092712402, 
  "vtr": 2.4558370113372803, 
  "templateservice": 2.2175819873809814, 
  "vBBU": 2.5070109367370605, 
  "hss_db": 2.6197259426116943, 
  "vnaas": 3.6351921558380127, 
  "hypercache": 2.504063129425049, 
  "xos-gui": 4.009501934051514, 
  "cord": 4.853631973266602, 
  "vMME": 2.321197032928467, 
  "xos-tosca": 2.54278302192688, 
  "vspgwu": 2.505079984664917, 
  "internetemulator": 2.2458410263061523, 
  "chameleon": 3.35394287109375, 
  "maas": 4.6572980880737305, 
  "mcord": 3.20042085647583, 
  "vspgwc": 2.2598788738250732, 
  "ecord": 3.5017611980438232, 
  "monitoring": 3.3751349449157715, 
  "carrierethernet": 2.862882137298584, 
  "xos": 46.50735902786255, 
  "cord-onos-publisher": 2.6253678798675537, 
  "metronet-local": 2.8906900882720947, 
  "exampleservice": 2.613068103790283, 
  "vPGWC": 2.3770339488983154, 
  "xos-sample-gui-extension": 2.5635340213775635, 
  "vSGW": 2.432060956954956, 
  "vEG": 2.6207709312438965, 
  "vEE": 2.4881131649017334, 
  "vrouter": 2.579871892929077, 
  "cord-tester": 5.529883861541748
}